20000,400,0.8,1e-5,False,ACh,False,False,False,0.0,True
20000,400,0.8,1e-5,False,ACh,False,False,False,0.0,True
20000,400,0.8,1e-5,False,ACh,False,False,False,0.0,True
20000,400,0.8,1e-5,False,ACh,False,False,False,0.0,True
20000,400,0.8,1e-5,False,ACh,False,False,False,0.0,True
20000,400,0.8,1e-5,False,ACh,False,False,False,0.0,True
20000,400,0.8,1e-5,False,ACh,False,False,False,0.0,True
20000,400,0.8,1e-5,False,ACh,False,False,False,0.0,True
20000,400,0.8,1e-5,False,ACh,False,False,False,0.0,True
20000,400,0.8,1e-5,False,ACh,False,False,False,0.0,True
476.0,313.0,320.0,327.0,327.0,327.0,324.0,324.0,324.0,324.0,324.0,324.0,324.0,324.0,317.0,317.0,317.0,317.0,317.0,317.0,317.0,317.0,317.0,317.0,313.0,308.0,307.0,307.0,307.0,307.0,307.0,305.0,305.0,305.0,300.0,294.0,294.0,294.0,294.0,288.0,287.0,288.0,256.0,256.0,259.0,259.0,260.0,260.0,260.0,256.0,256.0,256.0,253.0,253.0,253.0,252.0,252.0,248.0,250.0,250.0,250.0,248.0,248.0,248.0,246.0,246.0,246.0,248.0,248.0,248.0,248.0,248.0,246.0,246.0,246.0,245.0,246.0,246.0,246.0,246.0,246.0,246.0,246.0,246.0,246.0,246.0,245.0,245.0,245.0,245.0,245.0,245.0,245.0,245.0,245.0,245.0,245.0,245.0,245.0,245.0,245.0,245.0,245.0,245.0,245.0,245.0,245.0,245.0,245.0,245.0,245.0,245.0,245.0,245.0,245.0,245.0,245.0,245.0,245.0,245.0,245.0,245.0,245.0,245.0,245.0,245.0,245.0,245.0,245.0,245.0,245.0,245.0,245.0,245.0,245.0,245.0,245.0,245.0,245.0,245.0,245.0,245.0,245.0,245.0,245.0,245.0,245.0,245.0,245.0,245.0,245.0,245.0,245.0,245.0,245.0,245.0,245.0,245.0,245.0,245.0,245.0,245.0,245.0,245.0,245.0,245.0,245.0,245.0,245.0,245.0,245.0,245.0,245.0,245.0,245.0,245.0,245.0,245.0,245.0,245.0,245.0,245.0,245.0,245.0,245.0,245.0,245.0,245.0,245.0,245.0,245.0,245.0,245.0,245.0,245.0,245.0,245.0,245.0,245.0,245.0,245.0,245.0,245.0,245.0,245.0,245.0,245.0,245.0,245.0,245.0,245.0,245.0,245.0,245.0,245.0,245.0,245.0,245.0,245.0,245.0,245.0,245.0,245.0,245.0,245.0,245.0,245.0,245.0,245.0,245.0,245.0,245.0,245.0,245.0,245.0,245.0,245.0,245.0,245.0,245.0,245.0,245.0,245.0,245.0,245.0,245.0,245.0,245.0,245.0,245.0,245.0,245.0,245.0,245.0,245.0,245.0,245.0,245.0,245.0,245.0,245.0,245.0,245.0,245.0,245.0,245.0,245.0,245.0,245.0,245.0,245.0,245.0,245.0,245.0,245.0,245.0,245.0,245.0,245.0,245.0,245.0,245.0,245.0,245.0,245.0,245.0,245.0,245.0,245.0,245.0,245.0,245.0,245.0,245.0,245.0,245.0,245.0,245.0,245.0,245.0,245.0,245.0,245.0,245.0,245.0,245.0,245.0,245.0,245.0,245.0,245.0,245.0,245.0,245.0,245.0,245.0,245.0,245.0,245.0,245.0,245.0,245.0,245.0,245.0,245.0,245.0,245.0,245.0,245.0,245.0,245.0,245.0,245.0,245.0,245.0,245.0,245.0,245.0,245.0,245.0,245.0,245.0,245.0,245.0,245.0,245.0,245.0,245.0,245.0,245.0,245.0,245.0,245.0,245.0,245.0,245.0,245.0,245.0,245.0,245.0,245.0,245.0,245.0,245.0,245.0,245.0,245.0,245.0,245.0,245.0,245.0,245.0,245.0,245.0,245.0,245.0,245.0,245.0,245.0,245.0,245.0,245.0,245.0,245.0,245.0,245.0,245.0,245.0,245.0,245.0,245.0,245.0,245.0,245.0,245.0,245.0,245.0,245.0,245.0,245.0
550.0,384.0,400.0,409.0,409.0,409.0,409.0,409.0,409.0,409.0,409.0,409.0,400.0,400.0,400.0,400.0,400.0,400.0,400.0,400.0,397.0,394.0,394.0,394.0,394.0,387.0,387.0,379.0,375.0,374.0,371.0,350.0,351.0,343.0,323.0,322.0,322.0,322.0,322.0,322.0,314.0,314.0,314.0,314.0,314.0,314.0,314.0,306.0,306.0,304.0,298.0,294.0,294.0,291.0,288.0,287.0,281.0,279.0,274.0,271.0,271.0,268.0,259.0,257.0,257.0,256.0,256.0,254.0,254.0,254.0,251.0,251.0,251.0,251.0,251.0,251.0,251.0,251.0,251.0,251.0,251.0,251.0,251.0,251.0,251.0,251.0,251.0,252.0,251.0,251.0,251.0,251.0,251.0,251.0,251.0,251.0,251.0,251.0,251.0,251.0,251.0,251.0,251.0,251.0,251.0,251.0,251.0,251.0,251.0,251.0,251.0,251.0,251.0,251.0,251.0,251.0,251.0,252.0,252.0,252.0,252.0,252.0,252.0,252.0,251.0,251.0,251.0,251.0,251.0,251.0,251.0,251.0,251.0,251.0,251.0,251.0,251.0,251.0,251.0,251.0,251.0,251.0,251.0,251.0,251.0,251.0,251.0,251.0,251.0,251.0,251.0,251.0,251.0,251.0,251.0,251.0,251.0,251.0,251.0,251.0,251.0,251.0,251.0,251.0,251.0,251.0,251.0,251.0,251.0,251.0,251.0,251.0,251.0,251.0,251.0,251.0,251.0,251.0,251.0,251.0,251.0,251.0,251.0,251.0,251.0,251.0,251.0,251.0,251.0,251.0,251.0,251.0,251.0,251.0,251.0,251.0,251.0,251.0,251.0,251.0,251.0,251.0,251.0,251.0,251.0,251.0,251.0,251.0,251.0,251.0,251.0,251.0,251.0,251.0,251.0,251.0,251.0,251.0,251.0,251.0,251.0,251.0,251.0,251.0,251.0,251.0,251.0,251.0,251.0,251.0,251.0,251.0,251.0,251.0,251.0,251.0,251.0,251.0,251.0,251.0,251.0,251.0,251.0,251.0,251.0,251.0,251.0,251.0,251.0,251.0,251.0,251.0,251.0,251.0,251.0,251.0,251.0,251.0,251.0,251.0,251.0,251.0,251.0,251.0,251.0,251.0,251.0,251.0,251.0,251.0,251.0,251.0,251.0,251.0,251.0,251.0,251.0,251.0,251.0,251.0,251.0,251.0,251.0,251.0,251.0,251.0,251.0,251.0,251.0,251.0,251.0,251.0,251.0,251.0,251.0,251.0,251.0,251.0,251.0,251.0,251.0,251.0,251.0,251.0,251.0,251.0,251.0,251.0,251.0,251.0,251.0,251.0,251.0,251.0,251.0,251.0,251.0,251.0,251.0,251.0,251.0,251.0,251.0,251.0,251.0,251.0,251.0,251.0,251.0,251.0,251.0,251.0,251.0,251.0,251.0,251.0,251.0,251.0,251.0,251.0,251.0,251.0,251.0,251.0,251.0,251.0,251.0,251.0,251.0,251.0,251.0,251.0,251.0,251.0,251.0,251.0,251.0,251.0,251.0,251.0,251.0,251.0,251.0,251.0,251.0,251.0,251.0,251.0,251.0,251.0,251.0,251.0,251.0,251.0,251.0,251.0,251.0,251.0,251.0,251.0,251.0,251.0,251.0,251.0,251.0,251.0,251.0,251.0,251.0,251.0,251.0,251.0,251.0,251.0,251.0,251.0,251.0,251.0,251.0,251.0
607.0,397.0,416.0,423.0,423.0,423.0,423.0,423.0,423.0,423.0,416.0,416.0,416.0,416.0,416.0,416.0,416.0,416.0,416.0,411.0,407.0,407.0,407.0,407.0,406.0,398.0,398.0,398.0,395.0,387.0,387.0,384.0,381.0,377.0,375.0,368.0,359.0,342.0,329.0,323.0,323.0,321.0,321.0,319.0,316.0,316.0,316.0,312.0,310.0,310.0,310.0,310.0,310.0,306.0,306.0,306.0,306.0,306.0,306.0,307.0,307.0,307.0,307.0,307.0,307.0,307.0,307.0,307.0,307.0,307.0,308.0,308.0,308.0,308.0,305.0,306.0,305.0,303.0,303.0,303.0,303.0,303.0,303.0,303.0,303.0,303.0,303.0,303.0,303.0,303.0,303.0,303.0,303.0,303.0,303.0,303.0,303.0,303.0,303.0,303.0,303.0,303.0,303.0,303.0,303.0,303.0,303.0,303.0,303.0,303.0,303.0,303.0,303.0,303.0,303.0,303.0,303.0,303.0,303.0,303.0,303.0,303.0,303.0,303.0,303.0,303.0,303.0,303.0,303.0,303.0,303.0,303.0,303.0,303.0,303.0,303.0,303.0,303.0,303.0,303.0,303.0,303.0,303.0,303.0,303.0,303.0,303.0,303.0,303.0,303.0,303.0,303.0,303.0,303.0,303.0,303.0,303.0,303.0,303.0,303.0,303.0,303.0,303.0,303.0,303.0,303.0,303.0,303.0,303.0,303.0,303.0,303.0,303.0,303.0,303.0,303.0,303.0,303.0,303.0,303.0,303.0,303.0,303.0,303.0,303.0,303.0,303.0,303.0,303.0,303.0,303.0,303.0,303.0,303.0,303.0,303.0,303.0,303.0,303.0,303.0,303.0,303.0,303.0,303.0,303.0,303.0,303.0,303.0,303.0,303.0,303.0,303.0,303.0,303.0,303.0,303.0,303.0,303.0,303.0,303.0,303.0,303.0,303.0,303.0,303.0,303.0,303.0,303.0,303.0,303.0,303.0,303.0,303.0,303.0,303.0,303.0,303.0,303.0,303.0,303.0,303.0,303.0,303.0,303.0,303.0,303.0,303.0,303.0,303.0,303.0,303.0,303.0,303.0,303.0,303.0,303.0,303.0,303.0,303.0,303.0,303.0,303.0,303.0,303.0,303.0,303.0,303.0,303.0,303.0,303.0,303.0,303.0,303.0,303.0,303.0,303.0,303.0,303.0,303.0,303.0,303.0,303.0,303.0,303.0,303.0,303.0,303.0,303.0,303.0,303.0,303.0,303.0,303.0,303.0,303.0,303.0,303.0,303.0,303.0,303.0,303.0,303.0,303.0,303.0,303.0,303.0,303.0,303.0,303.0,303.0,303.0,303.0,303.0,303.0,303.0,303.0,303.0,303.0,303.0,303.0,303.0,303.0,303.0,303.0,303.0,303.0,303.0,303.0,303.0,303.0,303.0,303.0,303.0,303.0,303.0,303.0,303.0,303.0,303.0,303.0,303.0,303.0,303.0,303.0,303.0,303.0,303.0,303.0,303.0,303.0,303.0,303.0,303.0,303.0,303.0,303.0,303.0,303.0,303.0,303.0,303.0,303.0,303.0,303.0,303.0,303.0,303.0,303.0,303.0,303.0,303.0,303.0,303.0,303.0,303.0,303.0,303.0,303.0,303.0,303.0,303.0,303.0,303.0,303.0,303.0,303.0,303.0,303.0,303.0,303.0,303.0,303.0,303.0,303.0,303.0,303.0,303.0,303.0,303.0,303.0
482.0,294.0,317.0,324.0,324.0,324.0,324.0,324.0,324.0,324.0,324.0,324.0,324.0,324.0,321.0,317.0,317.0,317.0,317.0,317.0,317.0,317.0,317.0,317.0,317.0,311.0,306.0,306.0,306.0,306.0,306.0,299.0,299.0,294.0,289.0,289.0,287.0,283.0,281.0,265.0,265.0,264.0,265.0,252.0,252.0,242.0,242.0,242.0,242.0,242.0,242.0,243.0,242.0,241.0,241.0,238.0,238.0,237.0,238.0,236.0,236.0,235.0,235.0,235.0,234.0,234.0,233.0,233.0,235.0,235.0,235.0,235.0,235.0,233.0,233.0,233.0,233.0,233.0,233.0,233.0,231.0,231.0,231.0,233.0,235.0,230.0,230.0,230.0,230.0,230.0,230.0,230.0,230.0,230.0,230.0,230.0,230.0,230.0,230.0,230.0,230.0,230.0,230.0,230.0,230.0,230.0,230.0,230.0,230.0,230.0,230.0,230.0,230.0,230.0,230.0,230.0,230.0,230.0,230.0,230.0,230.0,230.0,230.0,230.0,230.0,230.0,230.0,230.0,230.0,230.0,230.0,230.0,230.0,230.0,230.0,230.0,230.0,230.0,230.0,230.0,230.0,230.0,230.0,230.0,230.0,230.0,230.0,230.0,230.0,230.0,230.0,230.0,230.0,230.0,230.0,230.0,230.0,230.0,230.0,230.0,230.0,230.0,230.0,230.0,230.0,230.0,230.0,230.0,230.0,244.0,252.0,254.0,254.0,254.0,254.0,256.0,256.0,256.0,258.0,258.0,258.0,258.0,258.0,260.0,260.0,260.0,260.0,260.0,260.0,260.0,260.0,260.0,260.0,294.0,300.0,310.0,310.0,310.0,314.0,319.0,321.0,323.0,323.0,323.0,325.0,325.0,325.0,325.0,325.0,325.0,325.0,325.0,327.0,333.0,333.0,333.0,333.0,333.0,333.0,333.0,333.0,333.0,333.0,333.0,333.0,333.0,333.0,333.0,333.0,333.0,333.0,335.0,335.0,335.0,335.0,335.0,335.0,343.0,343.0,343.0,343.0,345.0,345.0,345.0,357.0,357.0,357.0,359.0,359.0,365.0,365.0,367.0,367.0,367.0,377.0,377.0,377.0,377.0,399.0,403.0,405.0,405.0,405.0,405.0,405.0,431.0,431.0,433.0,433.0,433.0,433.0,433.0,435.0,435.0,437.0,437.0,437.0,437.0,437.0,437.0,437.0,437.0,437.0,437.0,437.0,441.0,441.0,441.0,441.0,441.0,441.0,441.0,441.0,441.0,441.0,441.0,441.0,441.0,441.0,443.0,443.0,443.0,443.0,443.0,443.0,443.0,445.0,445.0,445.0,445.0,445.0,445.0,445.0,445.0,445.0,445.0,445.0,445.0,445.0,445.0,445.0,445.0,445.0,445.0,445.0,447.0,447.0,447.0,447.0,447.0,447.0,447.0,447.0,447.0,447.0,447.0,447.0,447.0,447.0,447.0,447.0,447.0,447.0,447.0,447.0,447.0,447.0,447.0,447.0,447.0,447.0,447.0,447.0,447.0,447.0,447.0,447.0,447.0,447.0,447.0,447.0,447.0,447.0,447.0,447.0,447.0,447.0,447.0,447.0,447.0,447.0,447.0,447.0,447.0,447.0,447.0,447.0,447.0,447.0,447.0,447.0,447.0,447.0,447.0,447.0,447.0,447.0,447.0,447.0,447.0,449.0,449.0,449.0,449.0,449.0,449.0,449.0,449.0,449.0,449.0
651.0,409.0,446.0,459.0,459.0,459.0,459.0,459.0,459.0,459.0,456.0,456.0,456.0,456.0,456.0,456.0,456.0,456.0,456.0,456.0,456.0,456.0,456.0,459.0,459.0,459.0,448.0,446.0,446.0,446.0,446.0,446.0,445.0,445.0,445.0,445.0,433.0,433.0,433.0,433.0,432.0,431.0,431.0,424.0,424.0,420.0,417.0,407.0,407.0,407.0,407.0,407.0,398.0,386.0,386.0,384.0,384.0,385.0,382.0,361.0,364.0,364.0,364.0,364.0,354.0,354.0,354.0,354.0,357.0,347.0,347.0,347.0,347.0,347.0,347.0,347.0,347.0,347.0,347.0,345.0,345.0,345.0,345.0,345.0,344.0,344.0,344.0,344.0,343.0,343.0,343.0,343.0,343.0,343.0,343.0,339.0,339.0,339.0,339.0,339.0,339.0,339.0,339.0,339.0,339.0,339.0,339.0,339.0,339.0,339.0,339.0,339.0,339.0,339.0,339.0,339.0,339.0,339.0,339.0,339.0,339.0,339.0,339.0,339.0,339.0,339.0,339.0,339.0,339.0,339.0,339.0,339.0,339.0,339.0,339.0,339.0,339.0,339.0,339.0,339.0,339.0,339.0,339.0,339.0,339.0,339.0,339.0,339.0,339.0,339.0,339.0,339.0,339.0,339.0,339.0,339.0,339.0,339.0,339.0,339.0,339.0,339.0,339.0,339.0,339.0,339.0,339.0,339.0,339.0,339.0,339.0,339.0,339.0,339.0,339.0,339.0,339.0,339.0,339.0,339.0,339.0,339.0,339.0,339.0,339.0,339.0,339.0,339.0,339.0,339.0,339.0,339.0,339.0,339.0,339.0,339.0,339.0,339.0,339.0,339.0,339.0,339.0,339.0,339.0,339.0,339.0,339.0,339.0,339.0,339.0,339.0,339.0,339.0,339.0,339.0,339.0,339.0,339.0,339.0,339.0,339.0,339.0,339.0,339.0,339.0,339.0,339.0,339.0,339.0,339.0,339.0,339.0,339.0,339.0,339.0,339.0,339.0,339.0,339.0,339.0,339.0,339.0,339.0,339.0,339.0,339.0,339.0,339.0,339.0,339.0,339.0,339.0,339.0,339.0,339.0,339.0,339.0,339.0,339.0,339.0,339.0,339.0,339.0,339.0,339.0,339.0,339.0,339.0,339.0,339.0,339.0,339.0,339.0,339.0,339.0,339.0,339.0,339.0,339.0,339.0,339.0,339.0,339.0,339.0,339.0,339.0,339.0,339.0,339.0,339.0,339.0,339.0,339.0,339.0,339.0,339.0,339.0,339.0,339.0,339.0,339.0,339.0,339.0,339.0,339.0,339.0,339.0,339.0,339.0,339.0,339.0,339.0,339.0,339.0,339.0,339.0,339.0,339.0,339.0,339.0,339.0,339.0,339.0,339.0,339.0,339.0,339.0,339.0,339.0,339.0,339.0,339.0,339.0,339.0,339.0,339.0,339.0,339.0,339.0,339.0,339.0,339.0,339.0,339.0,339.0,339.0,339.0,339.0,339.0,339.0,339.0,339.0,339.0,339.0,339.0,339.0,339.0,339.0,339.0,339.0,339.0,339.0,339.0,339.0,339.0,339.0,339.0,339.0,339.0,339.0,339.0,339.0,339.0,339.0,339.0,339.0,339.0,339.0,339.0,339.0,339.0,339.0,339.0,339.0,339.0,339.0,339.0,339.0,339.0,339.0,339.0,339.0,339.0,339.0,339.0,339.0,339.0,339.0,339.0,339.0
533.0,300.0,302.0,314.0,313.0,310.0,302.0,302.0,302.0,302.0,302.0,301.0,301.0,301.0,301.0,300.0,299.0,296.0,296.0,290.0,285.0,283.0,264.0,264.0,256.0,244.0,245.0,240.0,237.0,235.0,235.0,233.0,235.0,235.0,233.0,233.0,234.0,232.0,232.0,232.0,229.0,230.0,230.0,226.0,225.0,225.0,224.0,224.0,224.0,223.0,223.0,223.0,223.0,222.0,222.0,222.0,222.0,222.0,220.0,220.0,221.0,222.0,222.0,222.0,222.0,222.0,222.0,222.0,222.0,222.0,222.0,222.0,222.0,222.0,222.0,222.0,222.0,222.0,222.0,221.0,221.0,221.0,221.0,221.0,221.0,222.0,222.0,222.0,222.0,222.0,222.0,222.0,222.0,222.0,222.0,222.0,222.0,222.0,222.0,222.0,222.0,222.0,222.0,222.0,222.0,222.0,222.0,222.0,222.0,222.0,222.0,222.0,222.0,222.0,222.0,222.0,222.0,222.0,222.0,222.0,222.0,222.0,222.0,222.0,222.0,222.0,222.0,222.0,222.0,222.0,222.0,222.0,222.0,222.0,222.0,222.0,222.0,222.0,222.0,222.0,222.0,222.0,222.0,222.0,222.0,222.0,222.0,222.0,221.0,221.0,221.0,221.0,221.0,221.0,221.0,221.0,221.0,221.0,221.0,221.0,221.0,221.0,221.0,221.0,221.0,221.0,221.0,221.0,221.0,221.0,221.0,221.0,221.0,221.0,221.0,221.0,221.0,221.0,221.0,221.0,221.0,221.0,221.0,221.0,221.0,221.0,221.0,221.0,221.0,221.0,221.0,221.0,221.0,221.0,221.0,221.0,221.0,221.0,221.0,221.0,221.0,221.0,221.0,221.0,221.0,221.0,221.0,221.0,221.0,221.0,221.0,221.0,221.0,221.0,221.0,221.0,221.0,221.0,222.0,222.0,222.0,222.0,222.0,222.0,222.0,222.0,222.0,222.0,222.0,222.0,222.0,222.0,222.0,222.0,222.0,222.0,222.0,222.0,222.0,222.0,222.0,222.0,222.0,222.0,222.0,222.0,222.0,222.0,222.0,222.0,222.0,222.0,222.0,222.0,222.0,222.0,222.0,222.0,222.0,222.0,222.0,222.0,222.0,222.0,222.0,222.0,222.0,222.0,222.0,222.0,222.0,222.0,222.0,222.0,222.0,222.0,222.0,222.0,222.0,222.0,222.0,222.0,222.0,222.0,222.0,222.0,222.0,222.0,222.0,222.0,222.0,222.0,222.0,222.0,222.0,222.0,222.0,222.0,222.0,222.0,222.0,222.0,222.0,222.0,222.0,222.0,222.0,222.0,222.0,222.0,222.0,222.0,222.0,222.0,222.0,222.0,222.0,222.0,222.0,222.0,222.0,222.0,222.0,222.0,222.0,222.0,222.0,222.0,222.0,222.0,222.0,222.0,222.0,222.0,222.0,222.0,222.0,222.0,222.0,222.0,222.0,222.0,222.0,222.0,222.0,222.0,222.0,222.0,222.0,222.0,222.0,222.0,222.0,222.0,222.0,222.0,222.0,222.0,222.0,222.0,222.0,222.0,222.0,222.0,222.0,222.0,222.0,222.0,222.0,222.0,222.0,222.0,222.0,222.0,222.0,222.0,222.0,222.0,222.0,222.0,222.0,222.0,222.0,222.0,222.0,222.0,222.0,222.0,222.0,222.0,222.0,222.0,222.0,222.0,222.0,222.0,222.0,222.0,222.0,222.0
573.0,395.0,405.0,417.0,417.0,417.0,417.0,417.0,417.0,417.0,417.0,417.0,417.0,417.0,417.0,405.0,405.0,405.0,405.0,405.0,405.0,405.0,405.0,405.0,405.0,403.0,401.0,401.0,401.0,401.0,401.0,401.0,392.0,392.0,392.0,392.0,388.0,381.0,381.0,379.0,378.0,373.0,371.0,361.0,359.0,342.0,325.0,325.0,323.0,322.0,319.0,318.0,310.0,309.0,309.0,309.0,299.0,302.0,302.0,302.0,300.0,300.0,296.0,296.0,294.0,294.0,294.0,294.0,294.0,294.0,293.0,292.0,292.0,292.0,292.0,292.0,292.0,292.0,292.0,290.0,290.0,290.0,290.0,289.0,288.0,288.0,288.0,288.0,288.0,288.0,288.0,287.0,286.0,286.0,286.0,286.0,286.0,286.0,286.0,286.0,286.0,286.0,286.0,286.0,286.0,286.0,286.0,286.0,286.0,286.0,286.0,286.0,286.0,286.0,286.0,286.0,286.0,286.0,286.0,286.0,286.0,286.0,286.0,286.0,286.0,286.0,286.0,286.0,286.0,286.0,286.0,286.0,286.0,286.0,286.0,286.0,286.0,286.0,286.0,286.0,286.0,286.0,286.0,286.0,286.0,286.0,286.0,286.0,286.0,286.0,286.0,286.0,286.0,286.0,286.0,286.0,286.0,286.0,286.0,286.0,286.0,286.0,286.0,286.0,286.0,286.0,286.0,286.0,286.0,286.0,286.0,286.0,286.0,286.0,286.0,286.0,286.0,286.0,286.0,286.0,286.0,286.0,286.0,286.0,286.0,286.0,286.0,286.0,286.0,286.0,286.0,286.0,286.0,286.0,286.0,286.0,286.0,286.0,286.0,286.0,286.0,286.0,286.0,286.0,286.0,286.0,286.0,286.0,286.0,286.0,286.0,286.0,286.0,286.0,286.0,286.0,286.0,286.0,286.0,286.0,286.0,286.0,286.0,286.0,286.0,286.0,286.0,286.0,286.0,286.0,286.0,286.0,286.0,286.0,286.0,286.0,286.0,286.0,286.0,286.0,286.0,286.0,286.0,286.0,286.0,286.0,286.0,286.0,286.0,286.0,286.0,286.0,286.0,286.0,286.0,286.0,286.0,286.0,286.0,286.0,286.0,286.0,286.0,286.0,286.0,286.0,286.0,286.0,286.0,286.0,286.0,286.0,286.0,286.0,286.0,286.0,286.0,286.0,286.0,286.0,286.0,286.0,286.0,286.0,286.0,286.0,286.0,286.0,286.0,286.0,286.0,286.0,286.0,286.0,286.0,286.0,286.0,286.0,286.0,286.0,286.0,286.0,286.0,286.0,286.0,286.0,286.0,286.0,286.0,286.0,286.0,286.0,286.0,286.0,286.0,286.0,286.0,286.0,286.0,286.0,286.0,286.0,286.0,286.0,286.0,286.0,286.0,286.0,286.0,286.0,286.0,286.0,286.0,286.0,286.0,286.0,286.0,286.0,286.0,286.0,286.0,286.0,286.0,286.0,286.0,286.0,286.0,286.0,286.0,286.0,286.0,286.0,286.0,286.0,286.0,286.0,286.0,286.0,286.0,286.0,286.0,286.0,286.0,286.0,286.0,286.0,286.0,286.0,286.0,286.0,286.0,286.0,286.0,286.0,286.0,286.0,286.0,286.0,286.0,286.0,286.0,286.0,286.0,286.0,286.0,286.0,286.0,286.0,286.0,286.0,286.0,286.0,286.0,286.0,286.0,286.0,286.0,286.0,286.0,286.0
590.0,376.0,424.0,435.0,435.0,435.0,435.0,435.0,435.0,435.0,435.0,435.0,435.0,435.0,435.0,435.0,435.0,435.0,435.0,435.0,435.0,435.0,435.0,424.0,424.0,424.0,424.0,424.0,424.0,424.0,424.0,424.0,424.0,424.0,424.0,424.0,420.0,411.0,411.0,411.0,411.0,411.0,411.0,411.0,411.0,403.0,403.0,403.0,403.0,397.0,397.0,397.0,397.0,394.0,394.0,390.0,390.0,380.0,377.0,352.0,335.0,335.0,333.0,333.0,333.0,332.0,332.0,330.0,328.0,328.0,328.0,328.0,324.0,324.0,324.0,324.0,324.0,320.0,320.0,320.0,319.0,318.0,318.0,318.0,317.0,317.0,317.0,317.0,317.0,317.0,317.0,317.0,315.0,314.0,314.0,313.0,312.0,312.0,312.0,312.0,312.0,312.0,312.0,312.0,312.0,312.0,312.0,314.0,314.0,314.0,314.0,311.0,311.0,311.0,311.0,311.0,311.0,311.0,311.0,311.0,311.0,311.0,311.0,311.0,311.0,311.0,311.0,311.0,311.0,311.0,311.0,311.0,311.0,311.0,311.0,311.0,311.0,311.0,311.0,311.0,311.0,311.0,311.0,311.0,311.0,311.0,311.0,311.0,311.0,311.0,311.0,311.0,311.0,311.0,311.0,311.0,311.0,311.0,311.0,311.0,311.0,311.0,311.0,311.0,311.0,311.0,311.0,311.0,311.0,311.0,311.0,311.0,311.0,311.0,311.0,311.0,311.0,311.0,311.0,311.0,311.0,311.0,311.0,311.0,311.0,311.0,311.0,311.0,311.0,311.0,311.0,311.0,311.0,311.0,311.0,311.0,311.0,311.0,311.0,311.0,311.0,311.0,311.0,311.0,311.0,311.0,311.0,311.0,311.0,311.0,311.0,311.0,311.0,311.0,311.0,311.0,311.0,311.0,311.0,311.0,311.0,311.0,311.0,311.0,311.0,311.0,311.0,311.0,311.0,311.0,311.0,311.0,311.0,311.0,311.0,311.0,311.0,311.0,311.0,311.0,311.0,311.0,311.0,311.0,311.0,311.0,311.0,311.0,311.0,311.0,311.0,311.0,311.0,311.0,311.0,311.0,311.0,311.0,311.0,311.0,311.0,311.0,311.0,311.0,311.0,311.0,311.0,311.0,311.0,311.0,311.0,311.0,311.0,311.0,311.0,311.0,311.0,311.0,311.0,311.0,311.0,311.0,311.0,311.0,311.0,311.0,311.0,311.0,311.0,311.0,311.0,311.0,311.0,311.0,311.0,311.0,311.0,311.0,311.0,311.0,311.0,311.0,311.0,311.0,311.0,311.0,311.0,311.0,311.0,311.0,311.0,311.0,311.0,311.0,311.0,311.0,311.0,311.0,311.0,311.0,311.0,311.0,311.0,311.0,311.0,311.0,311.0,311.0,311.0,311.0,311.0,311.0,312.0,312.0,312.0,312.0,312.0,312.0,312.0,312.0,312.0,312.0,312.0,312.0,312.0,312.0,312.0,312.0,312.0,312.0,312.0,312.0,312.0,312.0,312.0,312.0,312.0,312.0,312.0,312.0,312.0,312.0,312.0,312.0,312.0,312.0,312.0,312.0,312.0,312.0,312.0,312.0,312.0,327.0,341.0,354.0,366.0,376.0,385.0,392.0,398.0,404.0,408.0,412.0,415.0,418.0,420.0,422.0,424.0,425.0,427.0,428.0,429.0,430.0,431.0,432.0,433.0,434.0,434.0,435.0
506.0,334.0,359.0,365.0,365.0,365.0,365.0,365.0,365.0,365.0,365.0,365.0,365.0,365.0,364.0,360.0,359.0,359.0,359.0,361.0,361.0,361.0,361.0,361.0,361.0,361.0,356.0,350.0,348.0,348.0,347.0,347.0,347.0,344.0,343.0,344.0,343.0,341.0,337.0,337.0,332.0,327.0,324.0,307.0,292.0,291.0,291.0,291.0,291.0,291.0,290.0,284.0,282.0,280.0,279.0,279.0,277.0,277.0,275.0,270.0,271.0,271.0,272.0,269.0,270.0,269.0,269.0,269.0,269.0,269.0,269.0,267.0,268.0,267.0,262.0,262.0,262.0,262.0,260.0,257.0,253.0,254.0,254.0,255.0,255.0,255.0,255.0,255.0,256.0,256.0,256.0,256.0,256.0,258.0,257.0,257.0,257.0,257.0,257.0,258.0,257.0,256.0,256.0,256.0,256.0,256.0,255.0,256.0,256.0,256.0,256.0,256.0,256.0,256.0,256.0,256.0,256.0,256.0,256.0,256.0,256.0,256.0,256.0,256.0,256.0,256.0,256.0,256.0,256.0,256.0,256.0,256.0,256.0,256.0,256.0,256.0,256.0,256.0,256.0,256.0,256.0,256.0,256.0,256.0,256.0,256.0,256.0,256.0,256.0,256.0,256.0,256.0,256.0,256.0,256.0,256.0,256.0,256.0,256.0,256.0,256.0,256.0,256.0,256.0,256.0,256.0,256.0,256.0,256.0,256.0,256.0,256.0,256.0,256.0,256.0,256.0,256.0,256.0,256.0,256.0,256.0,256.0,256.0,256.0,256.0,256.0,256.0,256.0,256.0,256.0,256.0,256.0,256.0,256.0,256.0,256.0,256.0,256.0,256.0,256.0,256.0,256.0,256.0,256.0,256.0,256.0,256.0,256.0,256.0,256.0,256.0,256.0,256.0,256.0,256.0,256.0,256.0,256.0,256.0,256.0,256.0,256.0,256.0,256.0,256.0,256.0,256.0,256.0,256.0,256.0,256.0,256.0,256.0,256.0,256.0,256.0,256.0,256.0,256.0,256.0,256.0,256.0,256.0,256.0,256.0,256.0,256.0,256.0,256.0,256.0,256.0,256.0,256.0,256.0,256.0,256.0,256.0,256.0,256.0,256.0,256.0,256.0,256.0,256.0,256.0,256.0,256.0,256.0,256.0,256.0,256.0,256.0,256.0,256.0,256.0,256.0,256.0,256.0,256.0,256.0,256.0,256.0,256.0,256.0,256.0,256.0,256.0,256.0,256.0,256.0,256.0,256.0,256.0,256.0,256.0,256.0,256.0,256.0,256.0,256.0,256.0,256.0,256.0,256.0,256.0,256.0,256.0,256.0,256.0,256.0,256.0,256.0,256.0,256.0,256.0,256.0,256.0,256.0,256.0,256.0,256.0,256.0,256.0,256.0,256.0,256.0,256.0,256.0,256.0,256.0,256.0,256.0,256.0,256.0,256.0,256.0,256.0,256.0,256.0,256.0,256.0,256.0,256.0,256.0,256.0,256.0,256.0,256.0,256.0,256.0,256.0,256.0,256.0,256.0,256.0,256.0,256.0,256.0,256.0,256.0,256.0,256.0,256.0,256.0,256.0,256.0,256.0,256.0,256.0,256.0,256.0,256.0,256.0,256.0,256.0,256.0,256.0,256.0,256.0,256.0,256.0,256.0,256.0,256.0,256.0,256.0,256.0,256.0,256.0,256.0,256.0,256.0,256.0,256.0,256.0,256.0,256.0,256.0,256.0,256.0
407.0,260.0,275.0,275.0,275.0,275.0,275.0,274.0,274.0,274.0,274.0,274.0,274.0,274.0,267.0,267.0,267.0,266.0,266.0,266.0,266.0,266.0,259.0,256.0,258.0,258.0,258.0,254.0,249.0,249.0,244.0,237.0,234.0,224.0,219.0,210.0,208.0,207.0,207.0,207.0,198.0,198.0,198.0,190.0,190.0,186.0,185.0,183.0,182.0,184.0,183.0,183.0,181.0,184.0,183.0,183.0,180.0,177.0,175.0,175.0,175.0,174.0,174.0,176.0,179.0,182.0,187.0,187.0,187.0,186.0,186.0,186.0,188.0,189.0,189.0,189.0,190.0,191.0,192.0,192.0,194.0,195.0,195.0,195.0,200.0,199.0,199.0,200.0,199.0,199.0,199.0,199.0,199.0,199.0,199.0,199.0,199.0,200.0,200.0,203.0,203.0,203.0,203.0,205.0,205.0,205.0,205.0,205.0,205.0,205.0,206.0,206.0,205.0,205.0,205.0,206.0,207.0,207.0,207.0,207.0,207.0,207.0,207.0,207.0,207.0,207.0,207.0,207.0,207.0,207.0,207.0,207.0,207.0,207.0,207.0,207.0,207.0,207.0,207.0,207.0,207.0,207.0,207.0,207.0,207.0,207.0,207.0,207.0,207.0,207.0,207.0,207.0,207.0,207.0,207.0,207.0,207.0,207.0,207.0,207.0,207.0,207.0,207.0,207.0,207.0,207.0,207.0,207.0,207.0,207.0,207.0,207.0,207.0,207.0,207.0,207.0,207.0,207.0,207.0,207.0,207.0,207.0,207.0,207.0,207.0,207.0,207.0,207.0,207.0,207.0,207.0,207.0,207.0,207.0,207.0,207.0,207.0,207.0,207.0,207.0,207.0,207.0,207.0,207.0,207.0,207.0,207.0,207.0,207.0,207.0,207.0,207.0,207.0,207.0,207.0,207.0,207.0,207.0,207.0,207.0,207.0,207.0,207.0,207.0,207.0,207.0,207.0,207.0,207.0,207.0,207.0,207.0,207.0,207.0,207.0,207.0,207.0,207.0,207.0,207.0,207.0,207.0,207.0,207.0,207.0,207.0,207.0,207.0,207.0,207.0,207.0,207.0,207.0,207.0,207.0,207.0,207.0,207.0,207.0,207.0,207.0,207.0,207.0,207.0,207.0,207.0,207.0,207.0,207.0,207.0,207.0,207.0,207.0,207.0,207.0,207.0,207.0,207.0,207.0,207.0,207.0,207.0,207.0,207.0,207.0,207.0,207.0,207.0,207.0,207.0,207.0,207.0,207.0,207.0,207.0,207.0,207.0,207.0,207.0,207.0,207.0,207.0,207.0,207.0,207.0,207.0,207.0,207.0,207.0,207.0,207.0,207.0,207.0,207.0,207.0,207.0,207.0,207.0,207.0,207.0,207.0,207.0,207.0,207.0,207.0,207.0,207.0,207.0,207.0,207.0,207.0,207.0,207.0,207.0,207.0,207.0,207.0,207.0,207.0,207.0,207.0,207.0,207.0,207.0,207.0,207.0,207.0,207.0,207.0,207.0,207.0,207.0,207.0,207.0,207.0,207.0,207.0,207.0,207.0,207.0,207.0,207.0,207.0,207.0,207.0,207.0,207.0,207.0,207.0,207.0,207.0,207.0,207.0,207.0,207.0,207.0,207.0,207.0,207.0,207.0,207.0,207.0,207.0,207.0,207.0,207.0,207.0,207.0,207.0,207.0,207.0,207.0,207.0,207.0,207.0,207.0,207.0,207.0,207.0,207.0
